group,ticker,fold,k,DirAcc,RMSE,naive,edge
DEVELOPMENT,AAPL,2022,5,0.49800796812749004,0.02260062116239461,0.46613545816733065,3.1872509960159388
DEVELOPMENT,AAPL,2022,8,0.50199203187251,0.0223978728388977,0.46613545816733065,3.5856573705179304
DEVELOPMENT,AAPL,2022,10,0.49800796812749004,0.02243743946863766,0.46613545816733065,3.1872509960159388
DEVELOPMENT,AAPL,2022,12,0.5298804780876494,0.022461127144105593,0.46613545816733065,6.374501992031872
DEVELOPMENT,AAPL,2022,15,0.4940239043824701,0.022429079738883567,0.46613545816733065,2.788844621513947
DEVELOPMENT,AAPL,2023,5,0.528,0.012853693450742795,0.56,-3.200000000000003
DEVELOPMENT,AAPL,2023,8,0.524,0.012796450713940567,0.56,-3.600000000000003
DEVELOPMENT,AAPL,2023,10,0.516,0.012755489872825761,0.56,-4.400000000000004
DEVELOPMENT,AAPL,2023,12,0.524,0.01277472715757294,0.56,-3.600000000000003
DEVELOPMENT,AAPL,2023,15,0.516,0.012784175738761573,0.56,-4.400000000000004
DEVELOPMENT,AAPL,2024,5,0.56,0.014536725979227496,0.568,-0.7999999999999896
DEVELOPMENT,AAPL,2024,8,0.552,0.014235156121262726,0.568,-1.5999999999999903
DEVELOPMENT,AAPL,2024,10,0.54,0.014275265769066148,0.568,-2.7999999999999914
DEVELOPMENT,AAPL,2024,12,0.556,0.014236932682595396,0.568,-1.19999999999999
DEVELOPMENT,AAPL,2024,15,0.548,0.014216221067861861,0.568,-1.9999999999999907
DEVELOPMENT,MSFT,2022,5,0.4541832669322709,0.023513782488379105,0.46215139442231074,-0.7968127490039834
DEVELOPMENT,MSFT,2022,8,0.44621513944223107,0.023728590628007588,0.46215139442231074,-1.5936254980079667
DEVELOPMENT,MSFT,2022,10,0.44223107569721115,0.023719950280450725,0.46215139442231074,-1.9920318725099584
DEVELOPMENT,MSFT,2022,12,0.44621513944223107,0.02354135629009821,0.46215139442231074,-1.5936254980079667
DEVELOPMENT,MSFT,2022,15,0.44621513944223107,0.023588118616848026,0.46215139442231074,-1.5936254980079667
DEVELOPMENT,MSFT,2023,5,0.58,0.015770680760607093,0.552,2.7999999999999914
DEVELOPMENT,MSFT,2023,8,0.584,0.015650987916933905,0.552,3.1999999999999917
DEVELOPMENT,MSFT,2023,10,0.576,0.015696472471907807,0.552,2.399999999999991
DEVELOPMENT,MSFT,2023,12,0.592,0.0156244180279167,0.552,3.9999999999999925
DEVELOPMENT,MSFT,2023,15,0.572,0.01564883960997357,0.552,1.9999999999999907
DEVELOPMENT,MSFT,2024,5,0.524,0.012925547339105184,0.54,-1.6000000000000014
DEVELOPMENT,MSFT,2024,8,0.508,0.012900704959217729,0.54,-3.200000000000003
DEVELOPMENT,MSFT,2024,10,0.504,0.012897222582798951,0.54,-3.600000000000003
DEVELOPMENT,MSFT,2024,12,0.528,0.012826474589589782,0.54,-1.200000000000001
DEVELOPMENT,MSFT,2024,15,0.524,0.012918159390429649,0.54,-1.6000000000000014
DEVELOPMENT,JPM,2022,5,0.450199203187251,0.019157889720182193,0.47410358565737054,-2.3904382470119554
DEVELOPMENT,JPM,2022,8,0.46613545816733065,0.019130184287257795,0.47410358565737054,-0.7968127490039889
DEVELOPMENT,JPM,2022,10,0.4541832669322709,0.019175261391410486,0.47410358565737054,-1.992031872509964
DEVELOPMENT,JPM,2022,12,0.4581673306772908,0.019181561473257433,0.47410358565737054,-1.5936254980079723
DEVELOPMENT,JPM,2022,15,0.4701195219123506,0.019042784698024937,0.47410358565737054,-0.3984063745019917
DEVELOPMENT,JPM,2023,5,0.484,0.013521949767689015,0.568,-8.399999999999997
DEVELOPMENT,JPM,2023,8,0.54,0.013139762913573985,0.568,-2.7999999999999914
DEVELOPMENT,JPM,2023,10,0.512,0.013095905485828277,0.568,-5.599999999999994
DEVELOPMENT,JPM,2023,12,0.556,0.012999717615152404,0.568,-1.19999999999999
DEVELOPMENT,JPM,2023,15,0.564,0.01296058744068619,0.568,-0.40000000000000036
DEVELOPMENT,JPM,2024,5,0.596,0.01457952678748791,0.572,2.400000000000002
DEVELOPMENT,JPM,2024,8,0.6,0.014671229355538763,0.572,2.8000000000000025
DEVELOPMENT,JPM,2024,10,0.592,0.014728726368089827,0.572,2.0000000000000018
DEVELOPMENT,JPM,2024,12,0.612,0.014707403001572923,0.572,4.0000000000000036
DEVELOPMENT,JPM,2024,15,0.612,0.014641021541430484,0.572,4.0000000000000036
DEVELOPMENT,TSLA,2022,5,0.5059760956175299,0.04300814549585598,0.4820717131474104,2.39043824701195
DEVELOPMENT,TSLA,2022,8,0.5298804780876494,0.04309482936871936,0.4820717131474104,4.7808764940239
DEVELOPMENT,TSLA,2022,10,0.4820717131474104,0.04299286310347018,0.4820717131474104,0.0
DEVELOPMENT,TSLA,2022,12,0.4900398406374502,0.043127820840690195,0.4820717131474104,0.7968127490039834
DEVELOPMENT,TSLA,2022,15,0.50199203187251,0.04285226774781674,0.4820717131474104,1.9920318725099584
DEVELOPMENT,TSLA,2023,5,0.592,0.03239724627779377,0.548,4.399999999999993
DEVELOPMENT,TSLA,2023,8,0.572,0.032262548882328455,0.548,2.399999999999991
DEVELOPMENT,TSLA,2023,10,0.58,0.0322085458357195,0.548,3.1999999999999917
DEVELOPMENT,TSLA,2023,12,0.564,0.03246712418295907,0.548,1.5999999999999903
DEVELOPMENT,TSLA,2023,15,0.556,0.03235912936310865,0.548,0.8000000000000007
DEVELOPMENT,TSLA,2024,5,0.568,0.03956292814005482,0.508,5.999999999999995
DEVELOPMENT,TSLA,2024,8,0.568,0.03933420659694229,0.508,5.999999999999995
DEVELOPMENT,TSLA,2024,10,0.556,0.039408377315843825,0.508,4.800000000000004
DEVELOPMENT,TSLA,2024,12,0.544,0.03927419161140623,0.508,3.600000000000003
DEVELOPMENT,TSLA,2024,15,0.536,0.039406975936233546,0.508,2.8000000000000025
DEVELOPMENT,XOM,2022,5,0.5139442231075697,0.022862598628388096,0.5737051792828686,-5.976095617529886
DEVELOPMENT,XOM,2022,8,0.545816733067729,0.02250603322792303,0.5737051792828686,-2.788844621513953
DEVELOPMENT,XOM,2022,10,0.5338645418326693,0.02248808390758785,0.5737051792828686,-3.984063745019928
DEVELOPMENT,XOM,2022,12,0.5179282868525896,0.02246593967489947,0.5737051792828686,-5.577689243027894
DEVELOPMENT,XOM,2022,15,0.545816733067729,0.022432216213389474,0.5737051792828686,-2.788844621513953
DEVELOPMENT,XOM,2023,5,0.5,0.015694458713150266,0.508,-0.8000000000000007
DEVELOPMENT,XOM,2023,8,0.484,0.015677737419906464,0.508,-2.400000000000002
DEVELOPMENT,XOM,2023,10,0.484,0.015715841584521675,0.508,-2.400000000000002
DEVELOPMENT,XOM,2023,12,0.508,0.015682624180144725,0.508,0.0
DEVELOPMENT,XOM,2023,15,0.496,0.015736813111145588,0.508,-1.200000000000001
DEVELOPMENT,XOM,2024,5,0.488,0.012125322862363482,0.496,-0.8000000000000007
DEVELOPMENT,XOM,2024,8,0.464,0.012156863314813079,0.496,-3.1999999999999975
DEVELOPMENT,XOM,2024,10,0.492,0.012182867655000536,0.496,-0.40000000000000036
DEVELOPMENT,XOM,2024,12,0.488,0.012194129454248878,0.496,-0.8000000000000007
DEVELOPMENT,XOM,2024,15,0.48,0.012206168552133636,0.496,-1.6000000000000014
VALIDATION (unseen),NVDA,2022,5,0.4900398406374502,0.04056722988879712,0.4820717131474104,0.7968127490039834
VALIDATION (unseen),NVDA,2022,8,0.5378486055776892,0.04040949384936777,0.4820717131474104,5.5776892430278835
VALIDATION (unseen),NVDA,2022,10,0.4860557768924303,0.0404725003197238,0.4820717131474104,0.3984063745019917
VALIDATION (unseen),NVDA,2022,12,0.47410358565737054,0.040200624485380206,0.4820717131474104,-0.7968127490039834
VALIDATION (unseen),NVDA,2022,15,0.50199203187251,0.04004361658934227,0.4820717131474104,1.9920318725099584
VALIDATION (unseen),NVDA,2023,5,0.488,0.030367053308629384,0.568,-7.9999999999999964
VALIDATION (unseen),NVDA,2023,8,0.52,0.030003479583498954,0.568,-4.799999999999994
VALIDATION (unseen),NVDA,2023,10,0.52,0.030099657493850396,0.568,-4.799999999999994
VALIDATION (unseen),NVDA,2023,12,0.488,0.03012427038169957,0.568,-7.9999999999999964
VALIDATION (unseen),NVDA,2023,15,0.476,0.03009777093618787,0.568,-9.199999999999998
VALIDATION (unseen),NVDA,2024,5,0.47808764940239046,0.03325358751657303,0.5577689243027888,-7.968127490039834
VALIDATION (unseen),NVDA,2024,8,0.5418326693227091,0.03305349809882265,0.5577689243027888,-1.5936254980079667
VALIDATION (unseen),NVDA,2024,10,0.5298804780876494,0.03324925686150354,0.5577689243027888,-2.7888446215139417
VALIDATION (unseen),NVDA,2024,12,0.5059760956175299,0.033176636017653735,0.5577689243027888,-5.179282868525892
VALIDATION (unseen),NVDA,2024,15,0.5059760956175299,0.033178326259067664,0.5577689243027888,-5.179282868525892
VALIDATION (unseen),ADBE,2022,5,0.43824701195219123,0.03546393891176423,0.46613545816733065,-2.7888446215139417
VALIDATION (unseen),ADBE,2022,8,0.46215139442231074,0.03433664459369594,0.46613545816733065,-0.3984063745019917
VALIDATION (unseen),ADBE,2022,10,0.4342629482071713,0.03466540266850082,0.46613545816733065,-3.1872509960159334
VALIDATION (unseen),ADBE,2022,12,0.44621513944223107,0.034524179658583176,0.46613545816733065,-1.9920318725099584
VALIDATION (unseen),ADBE,2022,15,0.46215139442231074,0.034419815479272496,0.46613545816733065,-0.3984063745019917
VALIDATION (unseen),ADBE,2023,5,0.548,0.021069560379327276,0.536,1.200000000000001
VALIDATION (unseen),ADBE,2023,8,0.496,0.020750067290055074,0.536,-4.0000000000000036
VALIDATION (unseen),ADBE,2023,10,0.468,0.02087731130306129,0.536,-6.800000000000001
VALIDATION (unseen),ADBE,2023,12,0.464,0.02082191742023254,0.536,-7.200000000000001
VALIDATION (unseen),ADBE,2023,15,0.476,0.020810218998754723,0.536,-6.000000000000005
VALIDATION (unseen),ADBE,2024,5,0.5378486055776892,0.023752189679312433,0.47808764940239046,5.976095617529875
VALIDATION (unseen),ADBE,2024,8,0.50199203187251,0.023556295898233916,0.47808764940239046,2.39043824701195
VALIDATION (unseen),ADBE,2024,10,0.4900398406374502,0.023727147991645235,0.47808764940239046,1.195219123505975
VALIDATION (unseen),ADBE,2024,12,0.50199203187251,0.023726337467154014,0.47808764940239046,2.39043824701195
VALIDATION (unseen),ADBE,2024,15,0.4701195219123506,0.023625862230574033,0.47808764940239046,-0.7968127490039834
VALIDATION (unseen),CRM,2022,5,0.49800796812749004,0.02986115808252868,0.4581673306772908,3.984063745019922
VALIDATION (unseen),CRM,2022,8,0.5059760956175299,0.030175018997653843,0.4581673306772908,4.7808764940239055
VALIDATION (unseen),CRM,2022,10,0.46613545816733065,0.030302574605636474,0.4581673306772908,0.7968127490039834
VALIDATION (unseen),CRM,2022,12,0.49800796812749004,0.030222967009420208,0.4581673306772908,3.984063745019922
VALIDATION (unseen),CRM,2022,15,0.4860557768924303,0.030208391879201425,0.4581673306772908,2.788844621513947
VALIDATION (unseen),CRM,2023,5,0.516,0.018943946488432596,0.544,-2.8000000000000025
VALIDATION (unseen),CRM,2023,8,0.544,0.018513491857580097,0.544,0.0
VALIDATION (unseen),CRM,2023,10,0.552,0.018576484461231235,0.544,0.8000000000000007
VALIDATION (unseen),CRM,2023,12,0.532,0.01870943962778906,0.544,-1.200000000000001
VALIDATION (unseen),CRM,2023,15,0.556,0.018670109432695505,0.544,1.200000000000001
VALIDATION (unseen),CRM,2024,5,0.549800796812749,0.02338377960330226,0.5298804780876494,1.9920318725099584
VALIDATION (unseen),CRM,2024,8,0.5617529880478087,0.023118612673291357,0.5298804780876494,3.1872509960159334
VALIDATION (unseen),CRM,2024,10,0.549800796812749,0.023042344493244098,0.5298804780876494,1.9920318725099584
VALIDATION (unseen),CRM,2024,12,0.549800796812749,0.023086008800310455,0.5298804780876494,1.9920318725099584
VALIDATION (unseen),CRM,2024,15,0.5378486055776892,0.023121210261813165,0.5298804780876494,0.7968127490039834
VALIDATION (unseen),JNJ,2022,5,0.4342629482071713,0.011070510190649776,0.4900398406374502,-5.577689243027889
VALIDATION (unseen),JNJ,2022,8,0.47808764940239046,0.011012590780811416,0.4900398406374502,-1.195219123505975
VALIDATION (unseen),JNJ,2022,10,0.4820717131474104,0.01096926992442489,0.4900398406374502,-0.7968127490039834
VALIDATION (unseen),JNJ,2022,12,0.46613545816733065,0.010999335883992212,0.4900398406374502,-2.3904382470119554
VALIDATION (unseen),JNJ,2022,15,0.4701195219123506,0.011037990392848014,0.4900398406374502,-1.9920318725099584
VALIDATION (unseen),JNJ,2023,5,0.448,0.01057428162127036,0.48,-3.1999999999999975
VALIDATION (unseen),JNJ,2023,8,0.472,0.010582465582440297,0.48,-0.8000000000000007
VALIDATION (unseen),JNJ,2023,10,0.444,0.010675650167063844,0.48,-3.599999999999998
VALIDATION (unseen),JNJ,2023,12,0.464,0.010685432615978766,0.48,-1.5999999999999959
VALIDATION (unseen),JNJ,2023,15,0.476,0.010645956653898163,0.48,-0.40000000000000036
VALIDATION (unseen),JNJ,2024,5,0.5179282868525896,0.009477420724069175,0.5139442231075697,0.3984063745019917
VALIDATION (unseen),JNJ,2024,8,0.5059760956175299,0.00949024831453103,0.5139442231075697,-0.7968127490039834
VALIDATION (unseen),JNJ,2024,10,0.5298804780876494,0.009444610002873749,0.5139442231075697,1.5936254980079667
VALIDATION (unseen),JNJ,2024,12,0.5537848605577689,0.009432921883335837,0.5139442231075697,3.984063745019917
VALIDATION (unseen),JNJ,2024,15,0.5258964143426295,0.009465397336409723,0.5139442231075697,1.195219123505975
VALIDATION (unseen),PFE,2022,5,0.5418326693227091,0.01697657619992771,0.4820717131474104,5.976095617529875
VALIDATION (unseen),PFE,2022,8,0.5378486055776892,0.016831735673665946,0.4820717131474104,5.5776892430278835
VALIDATION (unseen),PFE,2022,10,0.545816733067729,0.016808156599705425,0.4820717131474104,6.374501992031867
VALIDATION (unseen),PFE,2022,12,0.5179282868525896,0.01683089316338599,0.4820717131474104,3.585657370517925
VALIDATION (unseen),PFE,2022,15,0.5219123505976095,0.01689335535533891,0.4820717131474104,3.984063745019917
VALIDATION (unseen),PFE,2023,5,0.468,0.015426167230086723,0.416,5.200000000000005
VALIDATION (unseen),PFE,2023,8,0.488,0.015319318090033262,0.416,7.200000000000001
VALIDATION (unseen),PFE,2023,10,0.472,0.015238057605479815,0.416,5.6
VALIDATION (unseen),PFE,2023,12,0.484,0.015271358488195046,0.416,6.800000000000001
VALIDATION (unseen),PFE,2023,15,0.468,0.015280862160129919,0.416,5.200000000000005
VALIDATION (unseen),PFE,2024,5,0.46215139442231074,0.014858389756181494,0.4820717131474104,-1.992031872509964
VALIDATION (unseen),PFE,2024,8,0.5059760956175299,0.014763642567849428,0.4820717131474104,2.39043824701195
VALIDATION (unseen),PFE,2024,10,0.4541832669322709,0.014789252839586644,0.4820717131474104,-2.788844621513947
VALIDATION (unseen),PFE,2024,12,0.4541832669322709,0.014740414218355716,0.4820717131474104,-2.788844621513947
VALIDATION (unseen),PFE,2024,15,0.47808764940239046,0.014773054068202058,0.4820717131474104,-0.3984063745019917
VALIDATION (unseen),UNH,2022,5,0.49800796812749004,0.015561931671155646,0.5577689243027888,-5.976095617529875
VALIDATION (unseen),UNH,2022,8,0.5059760956175299,0.015561564672271808,0.5577689243027888,-5.179282868525892
VALIDATION (unseen),UNH,2022,10,0.5139442231075697,0.015506044244778161,0.5577689243027888,-4.3824701195219085
VALIDATION (unseen),UNH,2022,12,0.5258964143426295,0.01552084601882505,0.5577689243027888,-3.1872509960159334
VALIDATION (unseen),UNH,2022,15,0.5059760956175299,0.01555163146590311,0.5577689243027888,-5.179282868525892
VALIDATION (unseen),UNH,2023,5,0.492,0.014412129624375793,0.504,-1.200000000000001
VALIDATION (unseen),UNH,2023,8,0.484,0.014457742823954014,0.504,-2.0000000000000018
VALIDATION (unseen),UNH,2023,10,0.472,0.01358929559712148,0.504,-3.200000000000003
VALIDATION (unseen),UNH,2023,12,0.488,0.013461643766864406,0.504,-1.6000000000000014
VALIDATION (unseen),UNH,2023,15,0.496,0.013607649941399853,0.504,-0.8000000000000007
VALIDATION (unseen),UNH,2024,5,0.5219123505976095,0.02025152587997374,0.5258964143426295,-0.3984063745019917
VALIDATION (unseen),UNH,2024,8,0.5179282868525896,0.019431127249487836,0.5258964143426295,-0.7968127490039834
VALIDATION (unseen),UNH,2024,10,0.5298804780876494,0.0184945143533337,0.5258964143426295,0.3984063745019917
VALIDATION (unseen),UNH,2024,12,0.5298804780876494,0.018529272575927746,0.5258964143426295,0.3984063745019917
VALIDATION (unseen),UNH,2024,15,0.5258964143426295,0.018803184582895812,0.5258964143426295,0.0
VALIDATION (unseen),PG,2022,5,0.4701195219123506,0.014381785184238858,0.5099601593625498,-3.984063745019917
VALIDATION (unseen),PG,2022,8,0.5059760956175299,0.014245139844284044,0.5099601593625498,-0.3984063745019917
VALIDATION (unseen),PG,2022,10,0.47808764940239046,0.014426090925217277,0.5099601593625498,-3.1872509960159334
VALIDATION (unseen),PG,2022,12,0.49800796812749004,0.014462768837527038,0.5099601593625498,-1.195219123505975
VALIDATION (unseen),PG,2022,15,0.4860557768924303,0.014277893702227025,0.5099601593625498,-2.39043824701195
VALIDATION (unseen),PG,2023,5,0.544,0.009434677593917943,0.52,2.400000000000002
VALIDATION (unseen),PG,2023,8,0.56,0.009368238522972198,0.52,4.0000000000000036
VALIDATION (unseen),PG,2023,10,0.56,0.009429596620703164,0.52,4.0000000000000036
VALIDATION (unseen),PG,2023,12,0.54,0.009473385545716454,0.52,2.0000000000000018
VALIDATION (unseen),PG,2023,15,0.544,0.0094399861079746,0.52,2.400000000000002
VALIDATION (unseen),PG,2024,5,0.50199203187251,0.009741798950701097,0.549800796812749,-4.7808764940239
VALIDATION (unseen),PG,2024,8,0.50199203187251,0.00971020514754214,0.549800796812749,-4.7808764940239
VALIDATION (unseen),PG,2024,10,0.5099601593625498,0.009684360228974906,0.549800796812749,-3.984063745019917
VALIDATION (unseen),PG,2024,12,0.49800796812749004,0.009692173071321794,0.549800796812749,-5.179282868525892
VALIDATION (unseen),PG,2024,15,0.5059760956175299,0.009688524859938841,0.549800796812749,-4.3824701195219085
VALIDATION (unseen),KO,2022,5,0.5099601593625498,0.012757429863021932,0.5537848605577689,-4.3824701195219085
VALIDATION (unseen),KO,2022,8,0.47808764940239046,0.012529183732312023,0.5537848605577689,-7.569721115537842
VALIDATION (unseen),KO,2022,10,0.50199203187251,0.012532417838386137,0.5537848605577689,-5.179282868525892
VALIDATION (unseen),KO,2022,12,0.5059760956175299,0.012482566189904353,0.5537848605577689,-4.7808764940239
VALIDATION (unseen),KO,2022,15,0.4940239043824701,0.012517596209591884,0.5537848605577689,-5.976095617529875
VALIDATION (unseen),KO,2023,5,0.508,0.008793546529257732,0.512,-0.40000000000000036
VALIDATION (unseen),KO,2023,8,0.46,0.00868165708922697,0.512,-5.199999999999999
VALIDATION (unseen),KO,2023,10,0.496,0.00863444708222207,0.512,-1.6000000000000014
VALIDATION (unseen),KO,2023,12,0.484,0.008623531015514522,0.512,-2.8000000000000025
VALIDATION (unseen),KO,2023,15,0.476,0.0086186515175895,0.512,-3.600000000000003
VALIDATION (unseen),KO,2024,5,0.5139442231075697,0.00798068538649201,0.5219123505976095,-0.7968127490039834
VALIDATION (unseen),KO,2024,8,0.5099601593625498,0.008014199798387822,0.5219123505976095,-1.195219123505975
VALIDATION (unseen),KO,2024,10,0.5179282868525896,0.007968033266648763,0.5219123505976095,-0.3984063745019917
VALIDATION (unseen),KO,2024,12,0.5059760956175299,0.007978618681275765,0.5219123505976095,-1.5936254980079667
VALIDATION (unseen),KO,2024,15,0.5099601593625498,0.007947452423464719,0.5219123505976095,-1.195219123505975
VALIDATION (unseen),WMT,2022,5,0.5099601593625498,0.018044368114337662,0.5378486055776892,-2.7888446215139417
VALIDATION (unseen),WMT,2022,8,0.50199203187251,0.018298033788428564,0.5378486055776892,-3.585657370517925
VALIDATION (unseen),WMT,2022,10,0.50199203187251,0.018198008702076062,0.5378486055776892,-3.585657370517925
VALIDATION (unseen),WMT,2022,12,0.4940239043824701,0.01853850406347433,0.5378486055776892,-4.3824701195219085
VALIDATION (unseen),WMT,2022,15,0.5179282868525896,0.018297239446637765,0.5378486055776892,-1.9920318725099584
VALIDATION (unseen),WMT,2023,5,0.564,0.009906496934605588,0.552,1.19999999999999
VALIDATION (unseen),WMT,2023,8,0.576,0.009970833920314998,0.552,2.399999999999991
VALIDATION (unseen),WMT,2023,10,0.576,0.009907056590442663,0.552,2.399999999999991
VALIDATION (unseen),WMT,2023,12,0.568,0.009998180955431878,0.552,1.5999999999999903
VALIDATION (unseen),WMT,2023,15,0.548,0.009895043336214422,0.552,-0.40000000000000036
VALIDATION (unseen),WMT,2024,5,0.5378486055776892,0.011253137786233955,0.5816733067729084,-4.382470119521919
VALIDATION (unseen),WMT,2024,8,0.5059760956175299,0.011210945788749607,0.5816733067729084,-7.5697211155378525
VALIDATION (unseen),WMT,2024,10,0.4900398406374502,0.011208625098353422,0.5816733067729084,-9.16334661354582
VALIDATION (unseen),WMT,2024,12,0.5059760956175299,0.011258426792624364,0.5816733067729084,-7.5697211155378525
VALIDATION (unseen),WMT,2024,15,0.4820717131474104,0.011271212388251423,0.5816733067729084,-9.960159362549803
VALIDATION (unseen),MCD,2022,5,0.4701195219123506,0.013391118123061397,0.47410358565737054,-0.3984063745019917
VALIDATION (unseen),MCD,2022,8,0.47808764940239046,0.013349737736119879,0.47410358565737054,0.3984063745019917
VALIDATION (unseen),MCD,2022,10,0.49800796812749004,0.01310256207697128,0.47410358565737054,2.39043824701195
VALIDATION (unseen),MCD,2022,12,0.46613545816733065,0.013163777384051405,0.47410358565737054,-0.7968127490039889
VALIDATION (unseen),MCD,2022,15,0.4342629482071713,0.01317850566533099,0.47410358565737054,-3.984063745019922
VALIDATION (unseen),MCD,2023,5,0.532,0.008873114449666722,0.544,-1.200000000000001
VALIDATION (unseen),MCD,2023,8,0.524,0.008837129027705498,0.544,-2.0000000000000018
VALIDATION (unseen),MCD,2023,10,0.52,0.008807677619650284,0.544,-2.400000000000002
VALIDATION (unseen),MCD,2023,12,0.524,0.008814373121917532,0.544,-2.0000000000000018
VALIDATION (unseen),MCD,2023,15,0.528,0.008813900625190607,0.544,-1.6000000000000014
VALIDATION (unseen),MCD,2024,5,0.4940239043824701,0.011360065810942276,0.5059760956175299,-1.195219123505975
VALIDATION (unseen),MCD,2024,8,0.4860557768924303,0.011392606722363044,0.5059760956175299,-1.9920318725099584
VALIDATION (unseen),MCD,2024,10,0.5139442231075697,0.011346036548795903,0.5059760956175299,0.7968127490039834
VALIDATION (unseen),MCD,2024,12,0.49800796812749004,0.01131204375994681,0.5059760956175299,-0.7968127490039834
VALIDATION (unseen),MCD,2024,15,0.5059760956175299,0.011294859738934557,0.5059760956175299,0.0
VALIDATION (unseen),NKE,2022,5,0.450199203187251,0.028751218700966828,0.4860557768924303,-3.5856573705179304
VALIDATION (unseen),NKE,2022,8,0.47410358565737054,0.02827743223597517,0.4860557768924303,-1.195219123505975
VALIDATION (unseen),NKE,2022,10,0.5179282868525896,0.028372085330184846,0.4860557768924303,3.1872509960159334
VALIDATION (unseen),NKE,2022,12,0.4701195219123506,0.028481080185057586,0.4860557768924303,-1.5936254980079667
VALIDATION (unseen),NKE,2022,15,0.4581673306772908,0.02871965804575389,0.4860557768924303,-2.788844621513947
VALIDATION (unseen),NKE,2023,5,0.488,0.017360398292870338,0.48,0.8000000000000007
VALIDATION (unseen),NKE,2023,8,0.444,0.017544911093585892,0.48,-3.599999999999998
VALIDATION (unseen),NKE,2023,10,0.456,0.01740308970387257,0.48,-2.399999999999997
VALIDATION (unseen),NKE,2023,12,0.456,0.017408396863615765,0.48,-2.399999999999997
VALIDATION (unseen),NKE,2023,15,0.448,0.017374423175276283,0.48,-3.1999999999999975
VALIDATION (unseen),NKE,2024,5,0.47410358565737054,0.022086543549825425,0.5059760956175299,-3.1872509960159334
VALIDATION (unseen),NKE,2024,8,0.5059760956175299,0.022057272506066126,0.5059760956175299,0.0
VALIDATION (unseen),NKE,2024,10,0.49800796812749004,0.02304950035292174,0.5059760956175299,-0.7968127490039834
VALIDATION (unseen),NKE,2024,12,0.4940239043824701,0.022690895021546184,0.5059760956175299,-1.195219123505975
VALIDATION (unseen),NKE,2024,15,0.4900398406374502,0.022125889955331622,0.5059760956175299,-1.5936254980079667
VALIDATION (unseen),CAT,2022,5,0.5099601593625498,0.02180534921087792,0.5219123505976095,-1.195219123505975
VALIDATION (unseen),CAT,2022,8,0.50199203187251,0.021790253305964888,0.5219123505976095,-1.9920318725099584
VALIDATION (unseen),CAT,2022,10,0.5139442231075697,0.021605355842351997,0.5219123505976095,-0.7968127490039834
VALIDATION (unseen),CAT,2022,12,0.5139442231075697,0.021698564328988954,0.5219123505976095,-0.7968127490039834
VALIDATION (unseen),CAT,2022,15,0.5298804780876494,0.021687446845464916,0.5219123505976095,0.7968127490039834
VALIDATION (unseen),CAT,2023,5,0.48,0.018456796738923795,0.524,-4.400000000000004
VALIDATION (unseen),CAT,2023,8,0.484,0.01828383289392024,0.524,-4.0000000000000036
VALIDATION (unseen),CAT,2023,10,0.48,0.018262679435553358,0.524,-4.400000000000004
VALIDATION (unseen),CAT,2023,12,0.5,0.018181788028275244,0.524,-2.400000000000002
VALIDATION (unseen),CAT,2023,15,0.496,0.018208545467278674,0.524,-2.8000000000000025
VALIDATION (unseen),CAT,2024,5,0.4900398406374502,0.01685918146442629,0.545816733067729,-5.5776892430278835
VALIDATION (unseen),CAT,2024,8,0.50199203187251,0.016728464325070136,0.545816733067729,-4.3824701195219085
VALIDATION (unseen),CAT,2024,10,0.4701195219123506,0.016600028420163775,0.545816733067729,-7.569721115537842
VALIDATION (unseen),CAT,2024,12,0.4900398406374502,0.01659309240575037,0.545816733067729,-5.5776892430278835
VALIDATION (unseen),CAT,2024,15,0.5298804780876494,0.016620748084337174,0.545816733067729,-1.5936254980079667
VALIDATION (unseen),BA,2022,5,0.5258964143426295,0.030503125946528337,0.5099601593625498,1.5936254980079667
VALIDATION (unseen),BA,2022,8,0.47808764940239046,0.030910270774162894,0.5099601593625498,-3.1872509960159334
VALIDATION (unseen),BA,2022,10,0.4820717131474104,0.030756507568339257,0.5099601593625498,-2.7888446215139417
VALIDATION (unseen),BA,2022,12,0.5219123505976095,0.03110498998370352,0.5099601593625498,1.195219123505975
VALIDATION (unseen),BA,2022,15,0.50199203187251,0.03097240406541675,0.5099601593625498,-0.7968127490039834
VALIDATION (unseen),BA,2023,5,0.552,0.017103873194953115,0.54,1.200000000000001
VALIDATION (unseen),BA,2023,8,0.56,0.01706554587919034,0.54,2.0000000000000018
VALIDATION (unseen),BA,2023,10,0.588,0.017042950264773996,0.54,4.799999999999994
VALIDATION (unseen),BA,2023,12,0.58,0.0170692192798459,0.54,3.9999999999999925
VALIDATION (unseen),BA,2023,15,0.552,0.017157125930312093,0.54,1.200000000000001
VALIDATION (unseen),BA,2024,5,0.49800796812749004,0.022112827298799025,0.47808764940239046,1.9920318725099584
VALIDATION (unseen),BA,2024,8,0.47410358565737054,0.02185266246929806,0.47808764940239046,-0.3984063745019917
VALIDATION (unseen),BA,2024,10,0.47410358565737054,0.021893867055508512,0.47808764940239046,-0.3984063745019917
VALIDATION (unseen),BA,2024,12,0.47808764940239046,0.02180922666032343,0.47808764940239046,0.0
VALIDATION (unseen),BA,2024,15,0.5298804780876494,0.021946989094381673,0.47808764940239046,5.179282868525892
VALIDATION (unseen),GS,2022,5,0.4541832669322709,0.018761003665762905,0.4701195219123506,-1.5936254980079723
VALIDATION (unseen),GS,2022,8,0.4860557768924303,0.018752235809000664,0.4701195219123506,1.5936254980079667
VALIDATION (unseen),GS,2022,10,0.49800796812749004,0.01893752560834353,0.4701195219123506,2.7888446215139417
VALIDATION (unseen),GS,2022,12,0.47808764940239046,0.018909639701097877,0.4701195219123506,0.7968127490039834
VALIDATION (unseen),GS,2022,15,0.47808764940239046,0.018968831323235746,0.4701195219123506,0.7968127490039834
VALIDATION (unseen),GS,2023,5,0.524,0.01534087274487688,0.54,-1.6000000000000014
VALIDATION (unseen),GS,2023,8,0.512,0.015255619836943759,0.54,-2.8000000000000025
VALIDATION (unseen),GS,2023,10,0.548,0.015190034933754194,0.54,0.8000000000000007
VALIDATION (unseen),GS,2023,12,0.548,0.015210955570181744,0.54,0.8000000000000007
VALIDATION (unseen),GS,2023,15,0.56,0.015136815117763557,0.54,2.0000000000000018
VALIDATION (unseen),GS,2024,5,0.5298804780876494,0.0161280579842214,0.5378486055776892,-0.7968127490039834
VALIDATION (unseen),GS,2024,8,0.5378486055776892,0.016145775308765715,0.5378486055776892,0.0
VALIDATION (unseen),GS,2024,10,0.5099601593625498,0.01614848384262788,0.5378486055776892,-2.7888446215139417
VALIDATION (unseen),GS,2024,12,0.5258964143426295,0.01613990689791272,0.5378486055776892,-1.195219123505975
VALIDATION (unseen),GS,2024,15,0.5577689243027888,0.01615224256749622,0.5378486055776892,1.9920318725099584
VALIDATION (unseen),BAC,2022,5,0.4262948207171315,0.021671050058679208,0.43824701195219123,-1.195219123505975
VALIDATION (unseen),BAC,2022,8,0.4342629482071713,0.0213464516939565,0.43824701195219123,-0.3984063745019917
VALIDATION (unseen),BAC,2022,10,0.4900398406374502,0.021276178603080044,0.43824701195219123,5.179282868525897
VALIDATION (unseen),BAC,2022,12,0.44223107569721115,0.021175745268960516,0.43824701195219123,0.3984063745019917
VALIDATION (unseen),BAC,2022,15,0.43824701195219123,0.021277393991440983,0.43824701195219123,0.0
VALIDATION (unseen),BAC,2023,5,0.468,0.017546024698616526,0.484,-1.5999999999999959
VALIDATION (unseen),BAC,2023,8,0.496,0.017597499223837604,0.484,1.200000000000001
VALIDATION (unseen),BAC,2023,10,0.476,0.017258516461485806,0.484,-0.8000000000000007
VALIDATION (unseen),BAC,2023,12,0.484,0.017355641340334543,0.484,0.0
VALIDATION (unseen),BAC,2023,15,0.512,0.01722797743725979,0.484,2.8000000000000025
VALIDATION (unseen),BAC,2024,5,0.5258964143426295,0.014366644605918584,0.5099601593625498,1.5936254980079667
VALIDATION (unseen),BAC,2024,8,0.5338645418326693,0.01428543896774446,0.5099601593625498,2.39043824701195
VALIDATION (unseen),BAC,2024,10,0.5338645418326693,0.014235033303423555,0.5099601593625498,2.39043824701195
VALIDATION (unseen),BAC,2024,12,0.5258964143426295,0.014292789560130937,0.5099601593625498,1.5936254980079667
VALIDATION (unseen),BAC,2024,15,0.5258964143426295,0.014317410235977384,0.5099601593625498,1.5936254980079667
VALIDATION (unseen),CVX,2022,5,0.5537848605577689,0.02129949088012626,0.5657370517928287,-1.1952191235059861
VALIDATION (unseen),CVX,2022,8,0.5418326693227091,0.021119208415408847,0.5657370517928287,-2.390438247011961
VALIDATION (unseen),CVX,2022,10,0.5338645418326693,0.020995076549478357,0.5657370517928287,-3.1872509960159445
VALIDATION (unseen),CVX,2022,12,0.5139442231075697,0.02104145867849931,0.5657370517928287,-5.1792828685259025
VALIDATION (unseen),CVX,2022,15,0.5219123505976095,0.021105612712915583,0.5657370517928287,-4.382470119521919
VALIDATION (unseen),CVX,2023,5,0.46,0.014772332844479728,0.5,-3.9999999999999982
VALIDATION (unseen),CVX,2023,8,0.46,0.01474179151637133,0.5,-3.9999999999999982
VALIDATION (unseen),CVX,2023,10,0.504,0.014694190849472651,0.5,0.40000000000000036
VALIDATION (unseen),CVX,2023,12,0.508,0.014778527984539477,0.5,0.8000000000000007
VALIDATION (unseen),CVX,2023,15,0.492,0.014798875603708088,0.5,-0.8000000000000007
VALIDATION (unseen),CVX,2024,5,0.4900398406374502,0.012246516372139948,0.5537848605577689,-6.374501992031867
VALIDATION (unseen),CVX,2024,8,0.4900398406374502,0.012200445054151205,0.5537848605577689,-6.374501992031867
VALIDATION (unseen),CVX,2024,10,0.5139442231075697,0.012181816541209235,0.5537848605577689,-3.984063745019917
VALIDATION (unseen),CVX,2024,12,0.5139442231075697,0.01219135806895501,0.5537848605577689,-3.984063745019917
VALIDATION (unseen),CVX,2024,15,0.49800796812749004,0.012183688103785558,0.5537848605577689,-5.5776892430278835
VALIDATION (unseen),VZ,2022,5,0.46215139442231074,0.01576205992163518,0.47410358565737054,-1.1952191235059806
VALIDATION (unseen),VZ,2022,8,0.5099601593625498,0.015457798796818167,0.47410358565737054,3.585657370517925
VALIDATION (unseen),VZ,2022,10,0.5577689243027888,0.015248244018578135,0.47410358565737054,8.366533864541825
VALIDATION (unseen),VZ,2022,12,0.5378486055776892,0.015269155680629788,0.47410358565737054,6.374501992031867
VALIDATION (unseen),VZ,2022,15,0.5737051792828686,0.015431349078284815,0.47410358565737054,9.960159362549803
VALIDATION (unseen),VZ,2023,5,0.492,0.014373622785967637,0.536,-4.400000000000004
VALIDATION (unseen),VZ,2023,8,0.52,0.014335628656878149,0.536,-1.6000000000000014
VALIDATION (unseen),VZ,2023,10,0.508,0.014395947688041578,0.536,-2.8000000000000025
VALIDATION (unseen),VZ,2023,12,0.524,0.01436136632196303,0.536,-1.200000000000001
VALIDATION (unseen),VZ,2023,15,0.48,0.014342345917823136,0.536,-5.600000000000005
VALIDATION (unseen),VZ,2024,5,0.5059760956175299,0.013324038333842969,0.5258964143426295,-1.9920318725099584
VALIDATION (unseen),VZ,2024,8,0.4860557768924303,0.013367295790044004,0.5258964143426295,-3.984063745019917
VALIDATION (unseen),VZ,2024,10,0.5179282868525896,0.013230397367393142,0.5258964143426295,-0.7968127490039834
VALIDATION (unseen),VZ,2024,12,0.49800796812749004,0.013196358313187651,0.5258964143426295,-2.7888446215139417
VALIDATION (unseen),VZ,2024,15,0.49800796812749004,0.013225390937366691,0.5258964143426295,-2.7888446215139417
VALIDATION (unseen),DIS,2022,5,0.4940239043824701,0.02454030977275817,0.43824701195219123,5.577689243027889
VALIDATION (unseen),DIS,2022,8,0.4900398406374502,0.025383214984294335,0.43824701195219123,5.179282868525897
VALIDATION (unseen),DIS,2022,10,0.4820717131474104,0.025368819000793158,0.43824701195219123,4.382470119521914
VALIDATION (unseen),DIS,2022,12,0.46613545816733065,0.025303799983114487,0.43824701195219123,2.7888446215139417
VALIDATION (unseen),DIS,2022,15,0.4701195219123506,0.02498454906453018,0.43824701195219123,3.1872509960159388
VALIDATION (unseen),DIS,2023,5,0.456,0.016650512731884202,0.5,-4.399999999999999
VALIDATION (unseen),DIS,2023,8,0.468,0.01670991236908169,0.5,-3.1999999999999975
VALIDATION (unseen),DIS,2023,10,0.448,0.016790917316292796,0.5,-5.199999999999999
VALIDATION (unseen),DIS,2023,12,0.492,0.016700620398723866,0.5,-0.8000000000000007
VALIDATION (unseen),DIS,2023,15,0.488,0.01655608560968835,0.5,-1.200000000000001
VALIDATION (unseen),DIS,2024,5,0.4342629482071713,0.016333246749923487,0.5219123505976095,-8.764940239043822
VALIDATION (unseen),DIS,2024,8,0.4541832669322709,0.016299431050735814,0.5219123505976095,-6.772908366533864
VALIDATION (unseen),DIS,2024,10,0.46215139442231074,0.016239500964904018,0.5219123505976095,-5.9760956175298805
VALIDATION (unseen),DIS,2024,12,0.4820717131474104,0.01637449338526364,0.5219123505976095,-3.984063745019917
VALIDATION (unseen),DIS,2024,15,0.4860557768924303,0.016271504787316055,0.5219123505976095,-3.585657370517925
